asset_id,category,file,status,reviewer,notes,exists,width,height,mode,sha1_source
GOKU_SUPER,playable_sheet,additive_content/final_asset_kit/sprites/playable/GOKU_SUPER_native40_fullsheet.png,NEEDS_PIXEL_CLEANUP,,,True,440,3352,RGBA,additive_content/final_asset_kit/sprites/playable/GOKU_SUPER_native40_fullsheet.png
GOKU_GT,playable_sheet,additive_content/final_asset_kit/sprites/playable/GOKU_GT_native40_fullsheet.png,NEEDS_PIXEL_CLEANUP,,,True,440,3352,RGBA,additive_content/final_asset_kit/sprites/playable/GOKU_GT_native40_fullsheet.png
VEGETA_SUPER,playable_sheet,additive_content/final_asset_kit/sprites/playable/VEGETA_SUPER_native40_fullsheet.png,NEEDS_PIXEL_CLEANUP,,,True,440,3352,RGBA,additive_content/final_asset_kit/sprites/playable/VEGETA_SUPER_native40_fullsheet.png
VEGETA_GT,playable_sheet,additive_content/final_asset_kit/sprites/playable/VEGETA_GT_native40_fullsheet.png,NEEDS_PIXEL_CLEANUP,,,True,440,3352,RGBA,additive_content/final_asset_kit/sprites/playable/VEGETA_GT_native40_fullsheet.png
GOHAN_SUPER,playable_sheet,additive_content/final_asset_kit/sprites/playable/GOHAN_SUPER_native40_fullsheet.png,NEEDS_PIXEL_CLEANUP,,,True,440,3352,RGBA,additive_content/final_asset_kit/sprites/playable/GOHAN_SUPER_native40_fullsheet.png
FUTURE_TRUNKS_DBS,playable_sheet,additive_content/final_asset_kit/sprites/playable/FUTURE_TRUNKS_DBS_native40_fullsheet.png,NEEDS_PIXEL_CLEANUP,,,True,440,3352,RGBA,additive_content/final_asset_kit/sprites/playable/FUTURE_TRUNKS_DBS_native40_fullsheet.png
GOTEN,playable_sheet,additive_content/final_asset_kit/sprites/playable/GOTEN_native40_fullsheet.png,NEEDS_PIXEL_CLEANUP,,,True,440,3352,RGBA,additive_content/final_asset_kit/sprites/playable/GOTEN_native40_fullsheet.png
TRUNKS_KID,playable_sheet,additive_content/final_asset_kit/sprites/playable/TRUNKS_KID_native40_fullsheet.png,NEEDS_PIXEL_CLEANUP,,,True,440,3352,RGBA,additive_content/final_asset_kit/sprites/playable/TRUNKS_KID_native40_fullsheet.png
GOTENKS,playable_sheet,additive_content/final_asset_kit/sprites/playable/GOTENKS_native40_fullsheet.png,NEEDS_PIXEL_CLEANUP,,,True,440,3352,RGBA,additive_content/final_asset_kit/sprites/playable/GOTENKS_native40_fullsheet.png
VEGITO,playable_sheet,additive_content/final_asset_kit/sprites/playable/VEGITO_native40_fullsheet.png,NEEDS_PIXEL_CLEANUP,,,True,440,3352,RGBA,additive_content/final_asset_kit/sprites/playable/VEGITO_native40_fullsheet.png
GOGETA,playable_sheet,additive_content/final_asset_kit/sprites/playable/GOGETA_native40_fullsheet.png,NEEDS_PIXEL_CLEANUP,,,True,440,3352,RGBA,additive_content/final_asset_kit/sprites/playable/GOGETA_native40_fullsheet.png
PAN_GT,playable_sheet,additive_content/final_asset_kit/sprites/playable/PAN_GT_native40_fullsheet.png,NEEDS_PIXEL_CLEANUP,,,True,440,3352,RGBA,additive_content/final_asset_kit/sprites/playable/PAN_GT_native40_fullsheet.png
UUB_GT,playable_sheet,additive_content/final_asset_kit/sprites/playable/UUB_GT_native40_fullsheet.png,NEEDS_PIXEL_CLEANUP,,,True,440,3352,RGBA,additive_content/final_asset_kit/sprites/playable/UUB_GT_native40_fullsheet.png
PICCOLO,playable_sheet,additive_content/final_asset_kit/sprites/playable/PICCOLO_native40_fullsheet.png,NEEDS_PIXEL_CLEANUP,,,True,440,3352,RGBA,additive_content/final_asset_kit/sprites/playable/PICCOLO_native40_fullsheet.png
KRILLIN,playable_sheet,additive_content/final_asset_kit/sprites/playable/KRILLIN_native40_fullsheet.png,NEEDS_PIXEL_CLEANUP,,,True,440,3352,RGBA,additive_content/final_asset_kit/sprites/playable/KRILLIN_native40_fullsheet.png
YAMCHA,playable_sheet,additive_content/final_asset_kit/sprites/playable/YAMCHA_native40_fullsheet.png,NEEDS_PIXEL_CLEANUP,,,True,440,3352,RGBA,additive_content/final_asset_kit/sprites/playable/YAMCHA_native40_fullsheet.png
TENSHINHAN,playable_sheet,additive_content/final_asset_kit/sprites/playable/TENSHINHAN_native40_fullsheet.png,NEEDS_PIXEL_CLEANUP,,,True,440,3352,RGBA,additive_content/final_asset_kit/sprites/playable/TENSHINHAN_native40_fullsheet.png
ANDROID_17,playable_sheet,additive_content/final_asset_kit/sprites/playable/ANDROID_17_native40_fullsheet.png,NEEDS_PIXEL_CLEANUP,,,True,440,3352,RGBA,additive_content/final_asset_kit/sprites/playable/ANDROID_17_native40_fullsheet.png
ANDROID_18,playable_sheet,additive_content/final_asset_kit/sprites/playable/ANDROID_18_native40_fullsheet.png,NEEDS_PIXEL_CLEANUP,,,True,440,3352,RGBA,additive_content/final_asset_kit/sprites/playable/ANDROID_18_native40_fullsheet.png
XICOR_AF,playable_sheet,additive_content/final_asset_kit/sprites/playable/XICOR_AF_native40_fullsheet.png,NEEDS_PIXEL_CLEANUP,,,True,440,3352,RGBA,additive_content/final_asset_kit/sprites/playable/XICOR_AF_native40_fullsheet.png
RADITZ,enemy_sheet,additive_content/final_asset_kit/sprites/enemies/RADITZ_40x40_sheet.png,NEEDS_PIXEL_CLEANUP,,,True,160,1000,RGBA,additive_content/final_asset_kit/sprites/enemies/RADITZ_40x40_sheet.png
NAPPA,enemy_sheet,additive_content/final_asset_kit/sprites/enemies/NAPPA_72x72_sheet.png,NEEDS_PIXEL_CLEANUP,,,True,288,1768,RGBA,additive_content/final_asset_kit/sprites/enemies/NAPPA_72x72_sheet.png
VEGETA_SAIYAN,enemy_sheet,additive_content/final_asset_kit/sprites/enemies/VEGETA_SAIYAN_40x40_sheet.png,NEEDS_PIXEL_CLEANUP,,,True,160,1000,RGBA,additive_content/final_asset_kit/sprites/enemies/VEGETA_SAIYAN_40x40_sheet.png
GINYU_FORCE,enemy_sheet,additive_content/final_asset_kit/sprites/enemies/GINYU_FORCE_40x40_sheet.png,NEEDS_PIXEL_CLEANUP,,,True,160,1000,RGBA,additive_content/final_asset_kit/sprites/enemies/GINYU_FORCE_40x40_sheet.png
FRIEZA_LOG1,enemy_sheet,additive_content/final_asset_kit/sprites/enemies/FRIEZA_LOG1_40x40_sheet.png,NEEDS_PIXEL_CLEANUP,,,True,160,1000,RGBA,additive_content/final_asset_kit/sprites/enemies/FRIEZA_LOG1_40x40_sheet.png
FRIEZA_MINION,enemy_sheet,additive_content/final_asset_kit/sprites/enemies/FRIEZA_MINION_40x40_sheet.png,NEEDS_PIXEL_CLEANUP,,,True,160,1000,RGBA,additive_content/final_asset_kit/sprites/enemies/FRIEZA_MINION_40x40_sheet.png
WOLF_LOG1,enemy_sheet,additive_content/final_asset_kit/sprites/enemies/WOLF_LOG1_40x40_sheet.png,NEEDS_PIXEL_CLEANUP,,,True,160,1000,RGBA,additive_content/final_asset_kit/sprites/enemies/WOLF_LOG1_40x40_sheet.png
ANDROID_16,enemy_sheet,additive_content/final_asset_kit/sprites/enemies/ANDROID_16_72x72_sheet.png,NEEDS_PIXEL_CLEANUP,,,True,288,1768,RGBA,additive_content/final_asset_kit/sprites/enemies/ANDROID_16_72x72_sheet.png
ANDROID_17_BOSS,enemy_sheet,additive_content/final_asset_kit/sprites/enemies/ANDROID_17_BOSS_40x40_sheet.png,NEEDS_PIXEL_CLEANUP,,,True,160,1000,RGBA,additive_content/final_asset_kit/sprites/enemies/ANDROID_17_BOSS_40x40_sheet.png
ANDROID_18_BOSS,enemy_sheet,additive_content/final_asset_kit/sprites/enemies/ANDROID_18_BOSS_40x40_sheet.png,NEEDS_PIXEL_CLEANUP,,,True,160,1000,RGBA,additive_content/final_asset_kit/sprites/enemies/ANDROID_18_BOSS_40x40_sheet.png
ANDROID_19,enemy_sheet,additive_content/final_asset_kit/sprites/enemies/ANDROID_19_40x40_sheet.png,NEEDS_PIXEL_CLEANUP,,,True,160,1000,RGBA,additive_content/final_asset_kit/sprites/enemies/ANDROID_19_40x40_sheet.png
DR_GERO,enemy_sheet,additive_content/final_asset_kit/sprites/enemies/DR_GERO_40x40_sheet.png,NEEDS_PIXEL_CLEANUP,,,True,160,1000,RGBA,additive_content/final_asset_kit/sprites/enemies/DR_GERO_40x40_sheet.png
CELL_IMPERFECT,enemy_sheet,additive_content/final_asset_kit/sprites/enemies/CELL_IMPERFECT_72x72_sheet.png,NEEDS_PIXEL_CLEANUP,,,True,288,1768,RGBA,additive_content/final_asset_kit/sprites/enemies/CELL_IMPERFECT_72x72_sheet.png
CELL_SEMI,enemy_sheet,additive_content/final_asset_kit/sprites/enemies/CELL_SEMI_72x72_sheet.png,NEEDS_PIXEL_CLEANUP,,,True,288,1768,RGBA,additive_content/final_asset_kit/sprites/enemies/CELL_SEMI_72x72_sheet.png
CELL_PERFECT,enemy_sheet,additive_content/final_asset_kit/sprites/enemies/CELL_PERFECT_72x72_sheet.png,NEEDS_PIXEL_CLEANUP,,,True,288,1768,RGBA,additive_content/final_asset_kit/sprites/enemies/CELL_PERFECT_72x72_sheet.png
CELL_JR,enemy_sheet,additive_content/final_asset_kit/sprites/enemies/CELL_JR_40x40_sheet.png,NEEDS_PIXEL_CLEANUP,,,True,160,1000,RGBA,additive_content/final_asset_kit/sprites/enemies/CELL_JR_40x40_sheet.png
COOLER,enemy_sheet,additive_content/final_asset_kit/sprites/enemies/COOLER_72x72_sheet.png,NEEDS_PIXEL_CLEANUP,,,True,288,1768,RGBA,additive_content/final_asset_kit/sprites/enemies/COOLER_72x72_sheet.png
MERCENARY_TAO,enemy_sheet,additive_content/final_asset_kit/sprites/enemies/MERCENARY_TAO_40x40_sheet.png,NEEDS_PIXEL_CLEANUP,,,True,160,1000,RGBA,additive_content/final_asset_kit/sprites/enemies/MERCENARY_TAO_40x40_sheet.png
T_REX,enemy_sheet,additive_content/final_asset_kit/sprites/enemies/T_REX_72x72_sheet.png,NEEDS_PIXEL_CLEANUP,,,True,288,1768,RGBA,additive_content/final_asset_kit/sprites/enemies/T_REX_72x72_sheet.png
TRICERATOPS,enemy_sheet,additive_content/final_asset_kit/sprites/enemies/TRICERATOPS_72x72_sheet.png,NEEDS_PIXEL_CLEANUP,,,True,288,1768,RGBA,additive_content/final_asset_kit/sprites/enemies/TRICERATOPS_72x72_sheet.png
BEERUS,enemy_sheet,additive_content/final_asset_kit/sprites/enemies/BEERUS_40x40_sheet.png,NEEDS_PIXEL_CLEANUP,,,True,160,1000,RGBA,additive_content/final_asset_kit/sprites/enemies/BEERUS_40x40_sheet.png
GOLDEN_FRIEZA,enemy_sheet,additive_content/final_asset_kit/sprites/enemies/GOLDEN_FRIEZA_40x40_sheet.png,NEEDS_PIXEL_CLEANUP,,,True,160,1000,RGBA,additive_content/final_asset_kit/sprites/enemies/GOLDEN_FRIEZA_40x40_sheet.png
HIT,enemy_sheet,additive_content/final_asset_kit/sprites/enemies/HIT_40x40_sheet.png,NEEDS_PIXEL_CLEANUP,,,True,160,1000,RGBA,additive_content/final_asset_kit/sprites/enemies/HIT_40x40_sheet.png
GOKU_BLACK,enemy_sheet,additive_content/final_asset_kit/sprites/enemies/GOKU_BLACK_40x40_sheet.png,NEEDS_PIXEL_CLEANUP,,,True,160,1000,RGBA,additive_content/final_asset_kit/sprites/enemies/GOKU_BLACK_40x40_sheet.png
ZAMASU,enemy_sheet,additive_content/final_asset_kit/sprites/enemies/ZAMASU_40x40_sheet.png,NEEDS_PIXEL_CLEANUP,,,True,160,1000,RGBA,additive_content/final_asset_kit/sprites/enemies/ZAMASU_40x40_sheet.png
JIREN,enemy_sheet,additive_content/final_asset_kit/sprites/enemies/JIREN_72x72_sheet.png,NEEDS_PIXEL_CLEANUP,,,True,288,1768,RGBA,additive_content/final_asset_kit/sprites/enemies/JIREN_72x72_sheet.png
BROLY_DBS,enemy_sheet,additive_content/final_asset_kit/sprites/enemies/BROLY_DBS_72x72_sheet.png,NEEDS_PIXEL_CLEANUP,,,True,288,1768,RGBA,additive_content/final_asset_kit/sprites/enemies/BROLY_DBS_72x72_sheet.png
MORO,enemy_sheet,additive_content/final_asset_kit/sprites/enemies/MORO_72x72_sheet.png,NEEDS_PIXEL_CLEANUP,,,True,288,1768,RGBA,additive_content/final_asset_kit/sprites/enemies/MORO_72x72_sheet.png
GRANOLAH,enemy_sheet,additive_content/final_asset_kit/sprites/enemies/GRANOLAH_40x40_sheet.png,NEEDS_PIXEL_CLEANUP,,,True,160,1000,RGBA,additive_content/final_asset_kit/sprites/enemies/GRANOLAH_40x40_sheet.png
GENERAL_RILDO,enemy_sheet,additive_content/final_asset_kit/sprites/enemies/GENERAL_RILDO_72x72_sheet.png,NEEDS_PIXEL_CLEANUP,,,True,288,1768,RGBA,additive_content/final_asset_kit/sprites/enemies/GENERAL_RILDO_72x72_sheet.png
BABY_VEGETA,enemy_sheet,additive_content/final_asset_kit/sprites/enemies/BABY_VEGETA_72x72_sheet.png,NEEDS_PIXEL_CLEANUP,,,True,288,1768,RGBA,additive_content/final_asset_kit/sprites/enemies/BABY_VEGETA_72x72_sheet.png
SUPER_17,enemy_sheet,additive_content/final_asset_kit/sprites/enemies/SUPER_17_72x72_sheet.png,NEEDS_PIXEL_CLEANUP,,,True,288,1768,RGBA,additive_content/final_asset_kit/sprites/enemies/SUPER_17_72x72_sheet.png
OMEGA_SHENRON,enemy_sheet,additive_content/final_asset_kit/sprites/enemies/OMEGA_SHENRON_72x72_sheet.png,NEEDS_PIXEL_CLEANUP,,,True,288,1768,RGBA,additive_content/final_asset_kit/sprites/enemies/OMEGA_SHENRON_72x72_sheet.png
IKL_AF,enemy_sheet,additive_content/final_asset_kit/sprites/enemies/IKL_AF_72x72_sheet.png,NEEDS_PIXEL_CLEANUP,,,True,288,1768,RGBA,additive_content/final_asset_kit/sprites/enemies/IKL_AF_72x72_sheet.png
XICOR_FINAL,enemy_sheet,additive_content/final_asset_kit/sprites/enemies/XICOR_FINAL_72x72_sheet.png,NEEDS_PIXEL_CLEANUP,,,True,288,1768,RGBA,additive_content/final_asset_kit/sprites/enemies/XICOR_FINAL_72x72_sheet.png
GOKU_SUPER,portrait,additive_content/final_asset_kit/portraits/GOKU_SUPER_portrait_40x40.png,READY_FOR_ROM_TEST_DRAFT,,,True,40,40,RGBA,additive_content/final_asset_kit/portraits/GOKU_SUPER_portrait_40x40.png
GOKU_GT,portrait,additive_content/final_asset_kit/portraits/GOKU_GT_portrait_40x40.png,READY_FOR_ROM_TEST_DRAFT,,,True,40,40,RGBA,additive_content/final_asset_kit/portraits/GOKU_GT_portrait_40x40.png
VEGETA_SUPER,portrait,additive_content/final_asset_kit/portraits/VEGETA_SUPER_portrait_40x40.png,READY_FOR_ROM_TEST_DRAFT,,,True,40,40,RGBA,additive_content/final_asset_kit/portraits/VEGETA_SUPER_portrait_40x40.png
VEGETA_GT,portrait,additive_content/final_asset_kit/portraits/VEGETA_GT_portrait_40x40.png,READY_FOR_ROM_TEST_DRAFT,,,True,40,40,RGBA,additive_content/final_asset_kit/portraits/VEGETA_GT_portrait_40x40.png
GOHAN_SUPER,portrait,additive_content/final_asset_kit/portraits/GOHAN_SUPER_portrait_40x40.png,READY_FOR_ROM_TEST_DRAFT,,,True,40,40,RGBA,additive_content/final_asset_kit/portraits/GOHAN_SUPER_portrait_40x40.png
FUTURE_TRUNKS_DBS,portrait,additive_content/final_asset_kit/portraits/FUTURE_TRUNKS_DBS_portrait_40x40.png,READY_FOR_ROM_TEST_DRAFT,,,True,40,40,RGBA,additive_content/final_asset_kit/portraits/FUTURE_TRUNKS_DBS_portrait_40x40.png
GOTEN,portrait,additive_content/final_asset_kit/portraits/GOTEN_portrait_40x40.png,READY_FOR_ROM_TEST_DRAFT,,,True,40,40,RGBA,additive_content/final_asset_kit/portraits/GOTEN_portrait_40x40.png
TRUNKS_KID,portrait,additive_content/final_asset_kit/portraits/TRUNKS_KID_portrait_40x40.png,READY_FOR_ROM_TEST_DRAFT,,,True,40,40,RGBA,additive_content/final_asset_kit/portraits/TRUNKS_KID_portrait_40x40.png
GOTENKS,portrait,additive_content/final_asset_kit/portraits/GOTENKS_portrait_40x40.png,READY_FOR_ROM_TEST_DRAFT,,,True,40,40,RGBA,additive_content/final_asset_kit/portraits/GOTENKS_portrait_40x40.png
VEGITO,portrait,additive_content/final_asset_kit/portraits/VEGITO_portrait_40x40.png,READY_FOR_ROM_TEST_DRAFT,,,True,40,40,RGBA,additive_content/final_asset_kit/portraits/VEGITO_portrait_40x40.png
GOGETA,portrait,additive_content/final_asset_kit/portraits/GOGETA_portrait_40x40.png,READY_FOR_ROM_TEST_DRAFT,,,True,40,40,RGBA,additive_content/final_asset_kit/portraits/GOGETA_portrait_40x40.png
PAN_GT,portrait,additive_content/final_asset_kit/portraits/PAN_GT_portrait_40x40.png,READY_FOR_ROM_TEST_DRAFT,,,True,40,40,RGBA,additive_content/final_asset_kit/portraits/PAN_GT_portrait_40x40.png
UUB_GT,portrait,additive_content/final_asset_kit/portraits/UUB_GT_portrait_40x40.png,READY_FOR_ROM_TEST_DRAFT,,,True,40,40,RGBA,additive_content/final_asset_kit/portraits/UUB_GT_portrait_40x40.png
PICCOLO,portrait,additive_content/final_asset_kit/portraits/PICCOLO_portrait_40x40.png,READY_FOR_ROM_TEST_DRAFT,,,True,40,40,RGBA,additive_content/final_asset_kit/portraits/PICCOLO_portrait_40x40.png
KRILLIN,portrait,additive_content/final_asset_kit/portraits/KRILLIN_portrait_40x40.png,READY_FOR_ROM_TEST_DRAFT,,,True,40,40,RGBA,additive_content/final_asset_kit/portraits/KRILLIN_portrait_40x40.png
YAMCHA,portrait,additive_content/final_asset_kit/portraits/YAMCHA_portrait_40x40.png,READY_FOR_ROM_TEST_DRAFT,,,True,40,40,RGBA,additive_content/final_asset_kit/portraits/YAMCHA_portrait_40x40.png
TENSHINHAN,portrait,additive_content/final_asset_kit/portraits/TENSHINHAN_portrait_40x40.png,READY_FOR_ROM_TEST_DRAFT,,,True,40,40,RGBA,additive_content/final_asset_kit/portraits/TENSHINHAN_portrait_40x40.png
ANDROID_17,portrait,additive_content/final_asset_kit/portraits/ANDROID_17_portrait_40x40.png,READY_FOR_ROM_TEST_DRAFT,,,True,40,40,RGBA,additive_content/final_asset_kit/portraits/ANDROID_17_portrait_40x40.png
ANDROID_18,portrait,additive_content/final_asset_kit/portraits/ANDROID_18_portrait_40x40.png,READY_FOR_ROM_TEST_DRAFT,,,True,40,40,RGBA,additive_content/final_asset_kit/portraits/ANDROID_18_portrait_40x40.png
XICOR_AF,portrait,additive_content/final_asset_kit/portraits/XICOR_AF_portrait_40x40.png,READY_FOR_ROM_TEST_DRAFT,,,True,40,40,RGBA,additive_content/final_asset_kit/portraits/XICOR_AF_portrait_40x40.png
RADITZ,portrait,additive_content/final_asset_kit/portraits/RADITZ_portrait_40x40.png,READY_FOR_ROM_TEST_DRAFT,,,True,40,40,RGBA,additive_content/final_asset_kit/portraits/RADITZ_portrait_40x40.png
NAPPA,portrait,additive_content/final_asset_kit/portraits/NAPPA_portrait_40x40.png,READY_FOR_ROM_TEST_DRAFT,,,True,40,40,RGBA,additive_content/final_asset_kit/portraits/NAPPA_portrait_40x40.png
VEGETA_SAIYAN,portrait,additive_content/final_asset_kit/portraits/VEGETA_SAIYAN_portrait_40x40.png,READY_FOR_ROM_TEST_DRAFT,,,True,40,40,RGBA,additive_content/final_asset_kit/portraits/VEGETA_SAIYAN_portrait_40x40.png
GINYU_FORCE,portrait,additive_content/final_asset_kit/portraits/GINYU_FORCE_portrait_40x40.png,READY_FOR_ROM_TEST_DRAFT,,,True,40,40,RGBA,additive_content/final_asset_kit/portraits/GINYU_FORCE_portrait_40x40.png
FRIEZA_LOG1,portrait,additive_content/final_asset_kit/portraits/FRIEZA_LOG1_portrait_40x40.png,READY_FOR_ROM_TEST_DRAFT,,,True,40,40,RGBA,additive_content/final_asset_kit/portraits/FRIEZA_LOG1_portrait_40x40.png
FRIEZA_MINION,portrait,additive_content/final_asset_kit/portraits/FRIEZA_MINION_portrait_40x40.png,READY_FOR_ROM_TEST_DRAFT,,,True,40,40,RGBA,additive_content/final_asset_kit/portraits/FRIEZA_MINION_portrait_40x40.png
WOLF_LOG1,portrait,additive_content/final_asset_kit/portraits/WOLF_LOG1_portrait_40x40.png,READY_FOR_ROM_TEST_DRAFT,,,True,40,40,RGBA,additive_content/final_asset_kit/portraits/WOLF_LOG1_portrait_40x40.png
ANDROID_16,portrait,additive_content/final_asset_kit/portraits/ANDROID_16_portrait_40x40.png,READY_FOR_ROM_TEST_DRAFT,,,True,40,40,RGBA,additive_content/final_asset_kit/portraits/ANDROID_16_portrait_40x40.png
ANDROID_17_BOSS,portrait,additive_content/final_asset_kit/portraits/ANDROID_17_BOSS_portrait_40x40.png,READY_FOR_ROM_TEST_DRAFT,,,True,40,40,RGBA,additive_content/final_asset_kit/portraits/ANDROID_17_BOSS_portrait_40x40.png
ANDROID_18_BOSS,portrait,additive_content/final_asset_kit/portraits/ANDROID_18_BOSS_portrait_40x40.png,READY_FOR_ROM_TEST_DRAFT,,,True,40,40,RGBA,additive_content/final_asset_kit/portraits/ANDROID_18_BOSS_portrait_40x40.png
ANDROID_19,portrait,additive_content/final_asset_kit/portraits/ANDROID_19_portrait_40x40.png,READY_FOR_ROM_TEST_DRAFT,,,True,40,40,RGBA,additive_content/final_asset_kit/portraits/ANDROID_19_portrait_40x40.png
DR_GERO,portrait,additive_content/final_asset_kit/portraits/DR_GERO_portrait_40x40.png,READY_FOR_ROM_TEST_DRAFT,,,True,40,40,RGBA,additive_content/final_asset_kit/portraits/DR_GERO_portrait_40x40.png
CELL_IMPERFECT,portrait,additive_content/final_asset_kit/portraits/CELL_IMPERFECT_portrait_40x40.png,READY_FOR_ROM_TEST_DRAFT,,,True,40,40,RGBA,additive_content/final_asset_kit/portraits/CELL_IMPERFECT_portrait_40x40.png
CELL_SEMI,portrait,additive_content/final_asset_kit/portraits/CELL_SEMI_portrait_40x40.png,READY_FOR_ROM_TEST_DRAFT,,,True,40,40,RGBA,additive_content/final_asset_kit/portraits/CELL_SEMI_portrait_40x40.png
CELL_PERFECT,portrait,additive_content/final_asset_kit/portraits/CELL_PERFECT_portrait_40x40.png,READY_FOR_ROM_TEST_DRAFT,,,True,40,40,RGBA,additive_content/final_asset_kit/portraits/CELL_PERFECT_portrait_40x40.png
CELL_JR,portrait,additive_content/final_asset_kit/portraits/CELL_JR_portrait_40x40.png,READY_FOR_ROM_TEST_DRAFT,,,True,40,40,RGBA,additive_content/final_asset_kit/portraits/CELL_JR_portrait_40x40.png
COOLER,portrait,additive_content/final_asset_kit/portraits/COOLER_portrait_40x40.png,READY_FOR_ROM_TEST_DRAFT,,,True,40,40,RGBA,additive_content/final_asset_kit/portraits/COOLER_portrait_40x40.png
MERCENARY_TAO,portrait,additive_content/final_asset_kit/portraits/MERCENARY_TAO_portrait_40x40.png,READY_FOR_ROM_TEST_DRAFT,,,True,40,40,RGBA,additive_content/final_asset_kit/portraits/MERCENARY_TAO_portrait_40x40.png
T_REX,portrait,additive_content/final_asset_kit/portraits/T_REX_portrait_40x40.png,READY_FOR_ROM_TEST_DRAFT,,,True,40,40,RGBA,additive_content/final_asset_kit/portraits/T_REX_portrait_40x40.png
TRICERATOPS,portrait,additive_content/final_asset_kit/portraits/TRICERATOPS_portrait_40x40.png,READY_FOR_ROM_TEST_DRAFT,,,True,40,40,RGBA,additive_content/final_asset_kit/portraits/TRICERATOPS_portrait_40x40.png
BEERUS,portrait,additive_content/final_asset_kit/portraits/BEERUS_portrait_40x40.png,READY_FOR_ROM_TEST_DRAFT,,,True,40,40,RGBA,additive_content/final_asset_kit/portraits/BEERUS_portrait_40x40.png
GOLDEN_FRIEZA,portrait,additive_content/final_asset_kit/portraits/GOLDEN_FRIEZA_portrait_40x40.png,READY_FOR_ROM_TEST_DRAFT,,,True,40,40,RGBA,additive_content/final_asset_kit/portraits/GOLDEN_FRIEZA_portrait_40x40.png
HIT,portrait,additive_content/final_asset_kit/portraits/HIT_portrait_40x40.png,READY_FOR_ROM_TEST_DRAFT,,,True,40,40,RGBA,additive_content/final_asset_kit/portraits/HIT_portrait_40x40.png
GOKU_BLACK,portrait,additive_content/final_asset_kit/portraits/GOKU_BLACK_portrait_40x40.png,READY_FOR_ROM_TEST_DRAFT,,,True,40,40,RGBA,additive_content/final_asset_kit/portraits/GOKU_BLACK_portrait_40x40.png
ZAMASU,portrait,additive_content/final_asset_kit/portraits/ZAMASU_portrait_40x40.png,READY_FOR_ROM_TEST_DRAFT,,,True,40,40,RGBA,additive_content/final_asset_kit/portraits/ZAMASU_portrait_40x40.png
JIREN,portrait,additive_content/final_asset_kit/portraits/JIREN_portrait_40x40.png,READY_FOR_ROM_TEST_DRAFT,,,True,40,40,RGBA,additive_content/final_asset_kit/portraits/JIREN_portrait_40x40.png
BROLY_DBS,portrait,additive_content/final_asset_kit/portraits/BROLY_DBS_portrait_40x40.png,READY_FOR_ROM_TEST_DRAFT,,,True,40,40,RGBA,additive_content/final_asset_kit/portraits/BROLY_DBS_portrait_40x40.png
MORO,portrait,additive_content/final_asset_kit/portraits/MORO_portrait_40x40.png,READY_FOR_ROM_TEST_DRAFT,,,True,40,40,RGBA,additive_content/final_asset_kit/portraits/MORO_portrait_40x40.png
GRANOLAH,portrait,additive_content/final_asset_kit/portraits/GRANOLAH_portrait_40x40.png,READY_FOR_ROM_TEST_DRAFT,,,True,40,40,RGBA,additive_content/final_asset_kit/portraits/GRANOLAH_portrait_40x40.png
GENERAL_RILDO,portrait,additive_content/final_asset_kit/portraits/GENERAL_RILDO_portrait_40x40.png,READY_FOR_ROM_TEST_DRAFT,,,True,40,40,RGBA,additive_content/final_asset_kit/portraits/GENERAL_RILDO_portrait_40x40.png
BABY_VEGETA,portrait,additive_content/final_asset_kit/portraits/BABY_VEGETA_portrait_40x40.png,READY_FOR_ROM_TEST_DRAFT,,,True,40,40,RGBA,additive_content/final_asset_kit/portraits/BABY_VEGETA_portrait_40x40.png
SUPER_17,portrait,additive_content/final_asset_kit/portraits/SUPER_17_portrait_40x40.png,READY_FOR_ROM_TEST_DRAFT,,,True,40,40,RGBA,additive_content/final_asset_kit/portraits/SUPER_17_portrait_40x40.png
OMEGA_SHENRON,portrait,additive_content/final_asset_kit/portraits/OMEGA_SHENRON_portrait_40x40.png,READY_FOR_ROM_TEST_DRAFT,,,True,40,40,RGBA,additive_content/final_asset_kit/portraits/OMEGA_SHENRON_portrait_40x40.png
IKL_AF,portrait,additive_content/final_asset_kit/portraits/IKL_AF_portrait_40x40.png,READY_FOR_ROM_TEST_DRAFT,,,True,40,40,RGBA,additive_content/final_asset_kit/portraits/IKL_AF_portrait_40x40.png
XICOR_FINAL,portrait,additive_content/final_asset_kit/portraits/XICOR_FINAL_portrait_40x40.png,READY_FOR_ROM_TEST_DRAFT,,,True,40,40,RGBA,additive_content/final_asset_kit/portraits/XICOR_FINAL_portrait_40x40.png
BLACK_STAR_RADAR,item_icon,additive_content/final_asset_kit/icons/items/black_star_radar_16x16.png,READY_FOR_ROM_TEST_DRAFT,,,True,16,16,RGBA,additive_content/final_asset_kit/icons/items/black_star_radar_16x16.png
BLACK_STAR_1,item_icon,additive_content/final_asset_kit/icons/items/black_star_1_16x16.png,READY_FOR_ROM_TEST_DRAFT,,,True,16,16,RGBA,additive_content/final_asset_kit/icons/items/black_star_1_16x16.png
BLACK_STAR_2,item_icon,additive_content/final_asset_kit/icons/items/black_star_2_16x16.png,READY_FOR_ROM_TEST_DRAFT,,,True,16,16,RGBA,additive_content/final_asset_kit/icons/items/black_star_2_16x16.png
BLACK_STAR_3,item_icon,additive_content/final_asset_kit/icons/items/black_star_3_16x16.png,READY_FOR_ROM_TEST_DRAFT,,,True,16,16,RGBA,additive_content/final_asset_kit/icons/items/black_star_3_16x16.png
BLACK_STAR_4,item_icon,additive_content/final_asset_kit/icons/items/black_star_4_16x16.png,READY_FOR_ROM_TEST_DRAFT,,,True,16,16,RGBA,additive_content/final_asset_kit/icons/items/black_star_4_16x16.png
BLACK_STAR_5,item_icon,additive_content/final_asset_kit/icons/items/black_star_5_16x16.png,READY_FOR_ROM_TEST_DRAFT,,,True,16,16,RGBA,additive_content/final_asset_kit/icons/items/black_star_5_16x16.png
BLACK_STAR_6,item_icon,additive_content/final_asset_kit/icons/items/black_star_6_16x16.png,READY_FOR_ROM_TEST_DRAFT,,,True,16,16,RGBA,additive_content/final_asset_kit/icons/items/black_star_6_16x16.png
BLACK_STAR_7,item_icon,additive_content/final_asset_kit/icons/items/black_star_7_16x16.png,READY_FOR_ROM_TEST_DRAFT,,,True,16,16,RGBA,additive_content/final_asset_kit/icons/items/black_star_7_16x16.png
TIME_CHAMBER_KEY,item_icon,additive_content/final_asset_kit/icons/items/time_chamber_key_16x16.png,READY_FOR_ROM_TEST_DRAFT,,,True,16,16,RGBA,additive_content/final_asset_kit/icons/items/time_chamber_key_16x16.png
TOURNAMENT_INVITATION,item_icon,additive_content/final_asset_kit/icons/items/tournament_invitation_16x16.png,READY_FOR_ROM_TEST_DRAFT,,,True,16,16,RGBA,additive_content/final_asset_kit/icons/items/tournament_invitation_16x16.png
BABY_SCEPTER,item_icon,additive_content/final_asset_kit/icons/items/baby_scepter_16x16.png,READY_FOR_ROM_TEST_DRAFT,,,True,16,16,RGBA,additive_content/final_asset_kit/icons/items/baby_scepter_16x16.png
ANDROID_17_CORE,item_icon,additive_content/final_asset_kit/icons/items/android_17_core_16x16.png,READY_FOR_ROM_TEST_DRAFT,,,True,16,16,RGBA,additive_content/final_asset_kit/icons/items/android_17_core_16x16.png
MORO_SEAL_BOX,item_icon,additive_content/final_asset_kit/icons/items/moro_seal_box_16x16.png,READY_FOR_ROM_TEST_DRAFT,,,True,16,16,RGBA,additive_content/final_asset_kit/icons/items/moro_seal_box_16x16.png
KAIOSHIN_REALM_KEY,item_icon,additive_content/final_asset_kit/icons/items/kaioshin_realm_key_16x16.png,READY_FOR_ROM_TEST_DRAFT,,,True,16,16,RGBA,additive_content/final_asset_kit/icons/items/kaioshin_realm_key_16x16.png
IKL_SEAL_FRAGMENT,item_icon,additive_content/final_asset_kit/icons/items/ikl_seal_fragment_16x16.png,READY_FOR_ROM_TEST_DRAFT,,,True,16,16,RGBA,additive_content/final_asset_kit/icons/items/ikl_seal_fragment_16x16.png
STOLEN_GOKU_CELLS,item_icon,additive_content/final_asset_kit/icons/items/stolen_goku_cells_16x16.png,READY_FOR_ROM_TEST_DRAFT,,,True,16,16,RGBA,additive_content/final_asset_kit/icons/items/stolen_goku_cells_16x16.png
CREATOR_HEART,item_icon,additive_content/final_asset_kit/icons/items/creator_heart_16x16.png,READY_FOR_ROM_TEST_DRAFT,,,True,16,16,RGBA,additive_content/final_asset_kit/icons/items/creator_heart_16x16.png
DIVINE_EVIL_SEED,item_icon,additive_content/final_asset_kit/icons/items/divine_evil_seed_16x16.png,READY_FOR_ROM_TEST_DRAFT,,,True,16,16,RGBA,additive_content/final_asset_kit/icons/items/divine_evil_seed_16x16.png
SENZU_VIAL,item_icon,additive_content/final_asset_kit/icons/items/senzu_vial_16x16.png,READY_FOR_ROM_TEST_DRAFT,,,True,16,16,RGBA,additive_content/final_asset_kit/icons/items/senzu_vial_16x16.png
CAPSULE_ENERGY_DRINK,item_icon,additive_content/final_asset_kit/icons/items/capsule_energy_drink_16x16.png,READY_FOR_ROM_TEST_DRAFT,,,True,16,16,RGBA,additive_content/final_asset_kit/icons/items/capsule_energy_drink_16x16.png
KAMEHAMEHA,technique_icon,additive_content/final_asset_kit/icons/techniques/kamehameha_16x16.png,READY_FOR_ROM_TEST_DRAFT,,,True,16,16,RGBA,additive_content/final_asset_kit/icons/techniques/kamehameha_16x16.png
KAMEHAMEHA_10X,technique_icon,additive_content/final_asset_kit/icons/techniques/kamehameha_10x_16x16.png,READY_FOR_ROM_TEST_DRAFT,,,True,16,16,RGBA,additive_content/final_asset_kit/icons/techniques/kamehameha_10x_16x16.png
SPIRIT_BOMB,technique_icon,additive_content/final_asset_kit/icons/techniques/spirit_bomb_16x16.png,READY_FOR_ROM_TEST_DRAFT,,,True,16,16,RGBA,additive_content/final_asset_kit/icons/techniques/spirit_bomb_16x16.png
DRAGON_FIST,technique_icon,additive_content/final_asset_kit/icons/techniques/dragon_fist_16x16.png,READY_FOR_ROM_TEST_DRAFT,,,True,16,16,RGBA,additive_content/final_asset_kit/icons/techniques/dragon_fist_16x16.png
DRAGON_GOD_FIST,technique_icon,additive_content/final_asset_kit/icons/techniques/dragon_god_fist_16x16.png,READY_FOR_ROM_TEST_DRAFT,,,True,16,16,RGBA,additive_content/final_asset_kit/icons/techniques/dragon_god_fist_16x16.png
FINAL_FLASH,technique_icon,additive_content/final_asset_kit/icons/techniques/final_flash_16x16.png,READY_FOR_ROM_TEST_DRAFT,,,True,16,16,RGBA,additive_content/final_asset_kit/icons/techniques/final_flash_16x16.png
FINAL_SHINE,technique_icon,additive_content/final_asset_kit/icons/techniques/final_shine_16x16.png,READY_FOR_ROM_TEST_DRAFT,,,True,16,16,RGBA,additive_content/final_asset_kit/icons/techniques/final_shine_16x16.png
BURNING_ATTACK,technique_icon,additive_content/final_asset_kit/icons/techniques/burning_attack_16x16.png,READY_FOR_ROM_TEST_DRAFT,,,True,16,16,RGBA,additive_content/final_asset_kit/icons/techniques/burning_attack_16x16.png
HEAT_DOME,technique_icon,additive_content/final_asset_kit/icons/techniques/heat_dome_16x16.png,READY_FOR_ROM_TEST_DRAFT,,,True,16,16,RGBA,additive_content/final_asset_kit/icons/techniques/heat_dome_16x16.png
SPECIAL_BEAM_CANNON,technique_icon,additive_content/final_asset_kit/icons/techniques/special_beam_cannon_16x16.png,READY_FOR_ROM_TEST_DRAFT,,,True,16,16,RGBA,additive_content/final_asset_kit/icons/techniques/special_beam_cannon_16x16.png
HELLZONE_GRENADE,technique_icon,additive_content/final_asset_kit/icons/techniques/hellzone_grenade_16x16.png,READY_FOR_ROM_TEST_DRAFT,,,True,16,16,RGBA,additive_content/final_asset_kit/icons/techniques/hellzone_grenade_16x16.png
TIME_SKIP,technique_icon,additive_content/final_asset_kit/icons/techniques/time_skip_16x16.png,READY_FOR_ROM_TEST_DRAFT,,,True,16,16,RGBA,additive_content/final_asset_kit/icons/techniques/time_skip_16x16.png
BLACK_KAMEHAMEHA,technique_icon,additive_content/final_asset_kit/icons/techniques/black_kamehameha_16x16.png,READY_FOR_ROM_TEST_DRAFT,,,True,16,16,RGBA,additive_content/final_asset_kit/icons/techniques/black_kamehameha_16x16.png
SOUL_PUNISHER,technique_icon,additive_content/final_asset_kit/icons/techniques/soul_punisher_16x16.png,READY_FOR_ROM_TEST_DRAFT,,,True,16,16,RGBA,additive_content/final_asset_kit/icons/techniques/soul_punisher_16x16.png
SPIRIT_SWORD,technique_icon,additive_content/final_asset_kit/icons/techniques/spirit_sword_16x16.png,READY_FOR_ROM_TEST_DRAFT,,,True,16,16,RGBA,additive_content/final_asset_kit/icons/techniques/spirit_sword_16x16.png
DIVINE_JUDGMENT,technique_icon,additive_content/final_asset_kit/icons/techniques/divine_judgment_16x16.png,READY_FOR_ROM_TEST_DRAFT,,,True,16,16,RGBA,additive_content/final_asset_kit/icons/techniques/divine_judgment_16x16.png
CAPSULE_RIFT_LAB,map_preview,additive_content/final_asset_kit/maps/CAPSULE_RIFT_LAB_preview_240x160.png,READY_FOR_ROM_TEST_DRAFT,,,True,240,160,RGBA,additive_content/final_asset_kit/maps/CAPSULE_RIFT_LAB_preview_240x160.png
BEERUS_PLANET,map_preview,additive_content/final_asset_kit/maps/BEERUS_PLANET_preview_240x160.png,READY_FOR_ROM_TEST_DRAFT,,,True,240,160,RGBA,additive_content/final_asset_kit/maps/BEERUS_PLANET_preview_240x160.png
UNIVERSE_6_ARENA,map_preview,additive_content/final_asset_kit/maps/UNIVERSE_6_ARENA_preview_240x160.png,READY_FOR_ROM_TEST_DRAFT,,,True,240,160,RGBA,additive_content/final_asset_kit/maps/UNIVERSE_6_ARENA_preview_240x160.png
FUTURE_CITY_RUINS,map_preview,additive_content/final_asset_kit/maps/FUTURE_CITY_RUINS_preview_240x160.png,READY_FOR_ROM_TEST_DRAFT,,,True,240,160,RGBA,additive_content/final_asset_kit/maps/FUTURE_CITY_RUINS_preview_240x160.png
TOURNAMENT_POWER,map_preview,additive_content/final_asset_kit/maps/TOURNAMENT_POWER_preview_240x160.png,READY_FOR_ROM_TEST_DRAFT,,,True,240,160,RGBA,additive_content/final_asset_kit/maps/TOURNAMENT_POWER_preview_240x160.png
PLANET_VAMPA,map_preview,additive_content/final_asset_kit/maps/PLANET_VAMPA_preview_240x160.png,READY_FOR_ROM_TEST_DRAFT,,,True,240,160,RGBA,additive_content/final_asset_kit/maps/PLANET_VAMPA_preview_240x160.png
NEW_NAMEK,map_preview,additive_content/final_asset_kit/maps/NEW_NAMEK_preview_240x160.png,READY_FOR_ROM_TEST_DRAFT,,,True,240,160,RGBA,additive_content/final_asset_kit/maps/NEW_NAMEK_preview_240x160.png
PLANET_CEREAL,map_preview,additive_content/final_asset_kit/maps/PLANET_CEREAL_preview_240x160.png,READY_FOR_ROM_TEST_DRAFT,,,True,240,160,RGBA,additive_content/final_asset_kit/maps/PLANET_CEREAL_preview_240x160.png
PLANET_M2_FACTORY,map_preview,additive_content/final_asset_kit/maps/PLANET_M2_FACTORY_preview_240x160.png,READY_FOR_ROM_TEST_DRAFT,,,True,240,160,RGBA,additive_content/final_asset_kit/maps/PLANET_M2_FACTORY_preview_240x160.png
GT_SHADOW_DRAGON_FIELD,map_preview,additive_content/final_asset_kit/maps/GT_SHADOW_DRAGON_FIELD_preview_240x160.png,READY_FOR_ROM_TEST_DRAFT,,,True,240,160,RGBA,additive_content/final_asset_kit/maps/GT_SHADOW_DRAGON_FIELD_preview_240x160.png
HELL_GT,map_preview,additive_content/final_asset_kit/maps/HELL_GT_preview_240x160.png,READY_FOR_ROM_TEST_DRAFT,,,True,240,160,RGBA,additive_content/final_asset_kit/maps/HELL_GT_preview_240x160.png
LOG1_SNAKE_ROAD_MEMORY,map_preview,additive_content/final_asset_kit/maps/LOG1_SNAKE_ROAD_MEMORY_preview_240x160.png,READY_FOR_ROM_TEST_DRAFT,,,True,240,160,RGBA,additive_content/final_asset_kit/maps/LOG1_SNAKE_ROAD_MEMORY_preview_240x160.png
LOG1_NAMEK_MEMORY,map_preview,additive_content/final_asset_kit/maps/LOG1_NAMEK_MEMORY_preview_240x160.png,READY_FOR_ROM_TEST_DRAFT,,,True,240,160,RGBA,additive_content/final_asset_kit/maps/LOG1_NAMEK_MEMORY_preview_240x160.png
LOG2_WEST_CITY_MEMORY,map_preview,additive_content/final_asset_kit/maps/LOG2_WEST_CITY_MEMORY_preview_240x160.png,READY_FOR_ROM_TEST_DRAFT,,,True,240,160,RGBA,additive_content/final_asset_kit/maps/LOG2_WEST_CITY_MEMORY_preview_240x160.png
LOG2_CELL_GAMES_MEMORY,map_preview,additive_content/final_asset_kit/maps/LOG2_CELL_GAMES_MEMORY_preview_240x160.png,READY_FOR_ROM_TEST_DRAFT,,,True,240,160,RGBA,additive_content/final_asset_kit/maps/LOG2_CELL_GAMES_MEMORY_preview_240x160.png
AF_KAIOSHIN_REALM,map_preview,additive_content/final_asset_kit/maps/AF_KAIOSHIN_REALM_preview_240x160.png,READY_FOR_ROM_TEST_DRAFT,,,True,240,160,RGBA,additive_content/final_asset_kit/maps/AF_KAIOSHIN_REALM_preview_240x160.png
AF_XICOR_LAB,map_preview,additive_content/final_asset_kit/maps/AF_XICOR_LAB_preview_240x160.png,READY_FOR_ROM_TEST_DRAFT,,,True,240,160,RGBA,additive_content/final_asset_kit/maps/AF_XICOR_LAB_preview_240x160.png
